{"cameraMode":{"drawMode":0,"name":"Shaded","section":"Shading Mode"},"sceneLighting":true,"audioPlay":false,"sceneViewState":{"m_AlwaysRefresh":false,"showFog":true,"showSkybox":true,"showFlares":true,"showImageEffects":true,"showParticleSystems":true,"showVisualEffectGraphs":true,"m_FxEnabled":true},"in2DMode":false,"pivot":{"x":1.1754016876220704,"y":-0.15355375409126283,"z":-2.4681100845336916},"rotation":{"x":-0.03928033635020256,"y":0.01804809272289276,"z":-0.00022529908164869994,"w":-0.9985045194625855},"size":1.5073950290679932,"orthographic":false}